{"cameraMode":{"drawMode":0,"name":"Shaded","section":"Shading Mode"},"sceneLighting":true,"audioPlay":false,"sceneViewState":{"m_AlwaysRefresh":false,"showFog":true,"showSkybox":true,"showFlares":true,"showImageEffects":true,"showParticleSystems":true,"showVisualEffectGraphs":true,"m_FxEnabled":true},"in2DMode":false,"pivot":{"x":-2.9559621810913088,"y":5.932737350463867,"z":1.6783599853515626},"rotation":{"x":0.11483240872621536,"y":-0.14842729270458222,"z":0.017353983595967294,"w":0.9820826649665833},"size":16.185157775878908,"orthographic":false}